{
  "accuracy": 0.9259259259259259,
  "precision": 0.6666666666666666,
  "recall": 1.0,
  "f1": 0.8,
  "mse_normal": 0.08491247892379761,
  "mse_anomaly": 1.8082196712493896
}